"시점","행정구역(시군구)별","성별",0세,1세,2세,3세,4세,5세,6세
"2011","경기도","계",117992.5,122019.5,122932.5,130174,128126.5,120020.5,122000.5
"2011","경기도","남자",60620.5,62775,63200,66792,65887,61840.5,62843.5
"2011","경기도","여자",57372,59244.5,59732.5,63382,62239.5,58180,59157
"2011","여주군","계",885,931,930.5,992,980,945,1002
"2011","여주군","남자",456.5,479,500.5,514.5,495.5,476.5,524.5
"2011","여주군","여자",428.5,452,430,477.5,484.5,468.5,477.5
"2011","수원시","계",10613.5,10743.5,10741.5,11305,11060.5,10368,10752.5
"2011","수원시","남자",5510,5553,5544.5,5832,5701,5309.5,5522
"2011","수원시","여자",5103.5,5190.5,5197,5473,5359.5,5058.5,5230.5
"2011","장안구","계",2533.5,2626.5,2656.5,2865,2845,2764,2881.5
"2011","장안구","남자",1326.5,1374.5,1359.5,1465,1466,1410,1485.5
"2011","장안구","여자",1207,1252,1297,1400,1379,1354,1396
"2011","권선구","계",3044.5,3049.5,2994,3169,3141,2917.5,3000
"2011","권선구","남자",1600,1559,1527,1630.5,1611.5,1506.5,1545.5
"2011","권선구","여자",1444.5,1490.5,1467,1538.5,1529.5,1411,1454.5
"2011","팔달구","계",1859,1835,1845.5,1947.5,1850,1676,1746
"2011","팔달구","남자",950.5,957.5,976,1018,957.5,853,891.5
"2011","팔달구","여자",908.5,877.5,869.5,929.5,892.5,823,854.5
"2011","영통구","계",3176.5,3232.5,3245.5,3323.5,3224.5,3010.5,3125
"2011","영통구","남자",1633,1662,1682,1718.5,1666,1540,1599.5
"2011","영통구","여자",1543.5,1570.5,1563.5,1605,1558.5,1470.5,1525.5
"2011","성남시","계",8948,8736.5,8423,8855,8748,8250,8590.5
"2011","성남시","남자",4654,4494.5,4323,4533,4481,4211,4428
"2011","성남시","여자",4294,4242,4100,4322,4267,4039,4162.5
"2011","수정구","계",2154.5,2062.5,1964.5,2042,1983.5,1819,1817
"2011","수정구","남자",1108.5,1080.5,1014,1058,1005,907.5,955
"2011","수정구","여자",1046,982,950.5,984,978.5,911.5,862
"2011","중원구","계",2171.5,2169,2138,2236.5,2148.5,1967.5,1975
"2011","중원구","남자",1143.5,1109,1085,1134.5,1075.5,1004.5,1003
"2011","중원구","여자",1028,1060,1053,1102,1073,963,972
"2011","분당구","계",4622,4505,4320.5,4576.5,4616,4463.5,4798.5
"2011","분당구","남자",2402,2305,2224,2340.5,2400.5,2299,2470
"2011","분당구","여자",2220,2200,2096.5,2236,2215.5,2164.5,2328.5
"2011","의정부시","계",3642.5,3890.5,3903.5,4204.5,4225.5,4016.5,4061.5
"2011","의정부시","남자",1888.5,1972.5,1974.5,2166.5,2173.5,2042,2071.5
"2011","의정부시","여자",1754,1918,1929,2038,2052,1974.5,1990
"2011","안양시","계",5513.5,5444.5,5377,5650,5590.5,5346,5492.5
"2011","안양시","남자",2843.5,2804,2749,2922.5,2892.5,2745.5,2853.5
"2011","안양시","여자",2670,2640.5,2628,2727.5,2698,2600.5,2639
"2011","만안구","계",2265.5,2228.5,2187.5,2306,2249,2094,2058
"2011","만안구","남자",1157.5,1139.5,1100,1196.5,1165,1083,1079.5
"2011","만안구","여자",1108,1089,1087.5,1109.5,1084,1011,978.5
"2011","동안구","계",3248,3216,3189.5,3344,3341.5,3252,3434.5
"2011","동안구","남자",1686,1664.5,1649,1726,1727.5,1662.5,1774
"2011","동안구","여자",1562,1551.5,1540.5,1618,1614,1589.5,1660.5
"2011","부천시","계",7988.5,7992.5,7831,8269.5,8153,7579.5,7621
"2011","부천시","남자",4096.5,4099.5,3991.5,4215.5,4234.5,3929.5,3880.5
"2011","부천시","여자",3892,3893,3839.5,4054,3918.5,3650,3740.5
"2011","원미구","계",4136,4094,3952.5,4160,4079,3827.5,3912.5
"2011","원미구","남자",2138,2114,1994.5,2099,2124,1994.5,2003.5
"2011","원미구","여자",1998,1980,1958,2061,1955,1833,1909
"2011","소사구","계",2228.5,2242,2182,2269,2235,1992.5,1953
"2011","소사구","남자",1129.5,1125.5,1090,1148.5,1148.5,1006.5,987
"2011","소사구","여자",1099,1116.5,1092,1120.5,1086.5,986,966
"2011","오정구","계",1624,1656.5,1696.5,1840.5,1839,1759.5,1755.5
"2011","오정구","남자",829,860,907,968,962,928.5,890
"2011","오정구","여자",795,796.5,789.5,872.5,877,831,865.5
"2011","광명시","계",4085,3970,3885,4013,3846,3526,3472
"2011","광명시","남자",2085,2041,2013,2010,1953.5,1850.5,1793
"2011","광명시","여자",2000,1929,1872,2003,1892.5,1675.5,1679
"2011","평택시","계",4235.5,4414.5,4426.5,4710.5,4677.5,4343.5,4415.5
"2011","평택시","남자",2171.5,2255,2270,2415,2392.5,2196,2289
"2011","평택시","여자",2064,2159.5,2156.5,2295.5,2285,2147.5,2126.5
"2011","동두천시","계",907,934.5,934.5,999,994,934.5,903.5
"2011","동두천시","남자",469.5,475,449,492,506.5,484,454.5
"2011","동두천시","여자",437.5,459.5,485.5,507,487.5,450.5,449
"2011","안산시","계",6561,6729,6786,7308.5,7181.5,6793,7179
"2011","안산시","남자",3321,3468,3514.5,3736,3696,3470,3719.5
"2011","안산시","여자",3240,3261,3271.5,3572.5,3485.5,3323,3459.5
"2011","상록구","계",3512.5,3566,3538.5,3814,3800,3591,3800.5
"2011","상록구","남자",1791,1834.5,1845,1943,1938,1816,1955.5
"2011","상록구","여자",1721.5,1731.5,1693.5,1871,1862,1775,1845
"2011","단원구","계",3048.5,3163,3247.5,3494.5,3381.5,3202,3378.5
"2011","단원구","남자",1530,1633.5,1669.5,1793,1758,1654,1764
"2011","단원구","여자",1518.5,1529.5,1578,1701.5,1623.5,1548,1614.5
"2011","고양시","계",7944,8369.5,8649,9243,9227.5,8881,9292.5
"2011","고양시","남자",4085,4319,4413,4748,4786.5,4583.5,4733.5
"2011","고양시","여자",3859,4050.5,4236,4495,4441,4297.5,4559
"2011","덕양구","계",3611.5,3811.5,3865.5,4035,3975.5,3701,3754
"2011","덕양구","남자",1868.5,1964.5,1973.5,2080.5,2048,1889,1906
"2011","덕양구","여자",1743,1847,1892,1954.5,1927.5,1812,1848
"2011","일산동구","계",2062,2157.5,2208,2366.5,2364.5,2372,2502
"2011","일산동구","남자",1043.5,1127.5,1145.5,1233.5,1243.5,1236,1273
"2011","일산동구","여자",1018.5,1030,1062.5,1133,1121,1136,1229
"2011","일산서구","계",2270.5,2400.5,2575.5,2841.5,2887.5,2808,3036.5
"2011","일산서구","남자",1173,1227,1294,1434,1495,1458.5,1554.5
"2011","일산서구","여자",1097.5,1173.5,1281.5,1407.5,1392.5,1349.5,1482
"2011","과천시","계",524.5,544.5,601.5,649,644.5,703.5,748.5
"2011","과천시","남자",265,283,310.5,338,354,375.5,388
"2011","과천시","여자",259.5,261.5,291,311,290.5,328,360.5
"2011","구리시","계",1815,1859,1872.5,1983,2004.5,1865.5,1843
"2011","구리시","남자",946.5,953.5,936,1006.5,1068.5,1025,972
"2011","구리시","여자",868.5,905.5,936.5,976.5,936,840.5,871
"2011","남양주시","계",6002.5,6568,6830,7351.5,7241,6682,6611
"2011","남양주시","남자",3066,3401.5,3546.5,3838,3733.5,3469,3422
"2011","남양주시","여자",2936.5,3166.5,3283.5,3513.5,3507.5,3213,3189
"2011","오산시","계",2850.5,2883.5,2892,2970,2795.5,2524,2501
"2011","오산시","남자",1459.5,1468.5,1501,1566,1401.5,1256.5,1270
"2011","오산시","여자",1391,1415,1391,1404,1394,1267.5,1231
"2011","시흥시","계",4227.5,4435.5,4519,4702.5,4628.5,4436,4485.5
"2011","시흥시","남자",2161.5,2253.5,2337,2396.5,2305,2241.5,2292.5
"2011","시흥시","여자",2066,2182,2182,2306,2323.5,2194.5,2193
"2011","군포시","계",3348,3235,3210.5,3274.5,3182.5,2983,2965.5
"2011","군포시","남자",1714,1661,1653,1687,1647,1533,1525.5
"2011","군포시","여자",1634,1574,1557.5,1587.5,1535.5,1450,1440
"2011","의왕시","계",1403.5,1509,1502.5,1596,1563.5,1446.5,1387.5
"2011","의왕시","남자",748,792.5,773.5,830.5,802,747,693
"2011","의왕시","여자",655.5,716.5,729,765.5,761.5,699.5,694.5
"2011","하남시","계",1319.5,1397,1391.5,1500.5,1473.5,1314.5,1302.5
"2011","하남시","남자",666.5,711.5,704.5,769,774,697.5,682
"2011","하남시","여자",653,685.5,687,731.5,699.5,617,620.5
"2011","용인시","계",9602.5,10542,11078.5,12006.5,11925.5,11211,11387
"2011","용인시","남자",4921.5,5392.5,5696,6161,6153.5,5815.5,5882.5
"2011","용인시","여자",4681,5149.5,5382.5,5845.5,5772,5395.5,5504.5
"2011","처인구","계",1923,2014.5,2073,2234,2241,2087,2108.5
"2011","처인구","남자",986,1038.5,1051,1132,1170,1097.5,1128.5
"2011","처인구","여자",937,976,1022,1102,1071,989.5,980
"2011","기흥구","계",4495,4900,5129,5599.5,5567.5,5153,5159
"2011","기흥구","남자",2306,2507,2663.5,2888,2884.5,2682,2644
"2011","기흥구","여자",2189,2393,2465.5,2711.5,2683,2471,2515
"2011","수지구","계",3184.5,3627.5,3876.5,4173,4117,3971,4119.5
"2011","수지구","남자",1629.5,1847,1981.5,2141,2099,2036,2110
"2011","수지구","여자",1555,1780.5,1895,2032,2018,1935,2009.5
"2011","파주시","계",4005.5,4219.5,4205.5,4524.5,4448,4098,4130
"2011","파주시","남자",2038.5,2174,2180.5,2330,2274,2096.5,2139.5
"2011","파주시","여자",1967,2045.5,2025,2194.5,2174,2001.5,1990.5
"2011","이천시","계",2235,2262,2226.5,2407,2365,2198,2213
"2011","이천시","남자",1158.5,1179.5,1154,1230.5,1218.5,1161.5,1164.5
"2011","이천시","여자",1076.5,1082.5,1072.5,1176.5,1146.5,1036.5,1048.5
"2011","안성시","계",1906.5,1971.5,2030.5,2075,1981,1800.5,1803
"2011","안성시","남자",982,1004,1035.5,1069.5,1033.5,942.5,925.5
"2011","안성시","여자",924.5,967.5,995,1005.5,947.5,858,877.5
"2011","김포시","계",2324,2547.5,2569.5,2743,2692,2546,2613.5
"2011","김포시","남자",1197.5,1350,1340,1398.5,1383,1334.5,1373
"2011","김포시","여자",1126.5,1197.5,1229.5,1344.5,1309,1211.5,1240.5
"2011","화성시","계",7786,8113.5,8274.5,8533.5,8168,7403.5,7312
"2011","화성시","남자",3995,4199,4274,4349,4157.5,3770,3727
"2011","화성시","여자",3791,3914.5,4000.5,4184.5,4010.5,3633.5,3585
"2011","광주시","계",2724.5,2861,2838,3043.5,2981.5,2755,2764
"2011","광주시","남자",1407.5,1497.5,1460.5,1524.5,1491,1408.5,1407.5
"2011","광주시","여자",1317,1363.5,1377.5,1519,1490.5,1346.5,1356.5
"2011","양주시","계",2041.5,2218,2277.5,2440,2417,2251,2286.5
"2011","양주시","남자",1021.5,1127,1160,1236,1242,1181,1206
"2011","양주시","여자",1020,1091,1117.5,1204,1175,1070,1080.5
"2011","포천시","계",1177,1254,1276,1354,1408,1343,1304
"2011","포천시","남자",607.5,629.5,652.5,718.5,751.5,718.5,679.5
"2011","포천시","여자",569.5,624.5,623.5,635.5,656.5,624.5,624.5
"2011","연천군","계",348,342,325.5,326,325.5,317.5,347.5
"2011","연천군","남자",176.5,170.5,172,174.5,165.5,170,182.5
"2011","연천군","여자",171.5,171.5,153.5,151.5,160,147.5,165
"2011","가평군","계",395.5,424.5,443,437.5,433.5,434,462
"2011","가평군","남자",189.5,218,231.5,232.5,229,225.5,239
"2011","가평군","여자",206,206.5,211.5,205,204.5,208.5,223
"2011","양평군","계",632,676.5,680.5,706.5,764,725,751
"2011","양평군","남자",317,348,339,351,389.5,373.5,402.5
"2011","양평군","여자",315,328.5,341.5,355.5,374.5,351.5,348.5
"2012","경기도","계",119600,125727.5,123632,124140,130980,128755.5,119970.5
"2012","경기도","남자",61380.5,64598.5,63662.5,63817.5,67188.5,66177.5,61831
"2012","경기도","여자",58219.5,61129,59969.5,60322.5,63791.5,62578,58139.5
"2012","여주군","계",878.5,947,928,930,992.5,970,927
"2012","여주군","남자",459,483,475.5,501,521.5,487,469
"2012","여주군","여자",419.5,464,452.5,429,471,483,458
"2012","수원시","계",11200,11288.5,10965.5,10947,11540,11247.5,10616
"2012","수원시","남자",5750.5,5828.5,5678.5,5655.5,5952,5795,5430
"2012","수원시","여자",5449.5,5460,5287,5291.5,5588,5452.5,5186
"2012","장안구","계",2512.5,2646.5,2609.5,2692,2849,2818,2761.5
"2012","장안구","남자",1288,1382.5,1372,1368.5,1466,1451.5,1397
"2012","장안구","여자",1224.5,1264,1237.5,1323.5,1383,1366.5,1364.5
"2012","권선구","계",3399,3444.5,3219,3153.5,3335,3284,3006.5
"2012","권선구","남자",1739,1780,1645.5,1633.5,1707.5,1678.5,1551
"2012","권선구","여자",1660,1664.5,1573.5,1520,1627.5,1605.5,1455.5
"2012","팔달구","계",1839.5,1786.5,1745.5,1740,1867.5,1773.5,1606
"2012","팔달구","남자",933,912.5,914,918.5,974.5,920,820.5
"2012","팔달구","여자",906.5,874,831.5,821.5,893,853.5,785.5
"2012","영통구","계",3449,3411,3391.5,3361.5,3488.5,3372,3242
"2012","영통구","남자",1790.5,1753.5,1747,1735,1804,1745,1661.5
"2012","영통구","여자",1658.5,1657.5,1644.5,1626.5,1684.5,1627,1580.5
"2012","성남시","계",8895.5,9023.5,8478,8289.5,8756,8688.5,8237
"2012","성남시","남자",4683.5,4680.5,4370,4254.5,4478,4440,4222.5
"2012","성남시","여자",4212,4343,4108,4035,4278,4248.5,4014.5
"2012","수정구","계",2128,2074,1897.5,1832,1931.5,1870.5,1661
"2012","수정구","남자",1095,1079,994.5,948.5,1000.5,942.5,831.5
"2012","수정구","여자",1033,995,903,883.5,931,928,829.5
"2012","중원구","계",2159.5,2203,2134.5,2050.5,2175.5,2076,1889.5
"2012","중원구","남자",1157,1140.5,1086.5,1049,1104,1052,966
"2012","중원구","여자",1002.5,1062.5,1048,1001.5,1071.5,1024,923.5
"2012","분당구","계",4608,4746.5,4446,4407,4649,4742,4686.5
"2012","분당구","남자",2431.5,2461,2289,2257,2373.5,2445.5,2425
"2012","분당구","여자",2176.5,2285.5,2157,2150,2275.5,2296.5,2261.5
"2012","의정부시","계",3541.5,3847.5,3857,3859.5,4139,4172.5,3882.5
"2012","의정부시","남자",1839.5,1981,1958.5,1954,2142.5,2135.5,1971
"2012","의정부시","여자",1702,1866.5,1898.5,1905.5,1996.5,2037,1911.5
"2012","안양시","계",5406.5,5605,5332,5265.5,5552,5514,5337
"2012","안양시","남자",2798,2902,2763.5,2683,2872,2859,2748
"2012","안양시","여자",2608.5,2703,2568.5,2582.5,2680,2655,2589
"2012","만안구","계",2182.5,2255.5,2125,2083,2195,2130,1964
"2012","만안구","남자",1133,1162,1094.5,1049.5,1134.5,1107.5,1019
"2012","만안구","여자",1049.5,1093.5,1030.5,1033.5,1060.5,1022.5,945
"2012","동안구","계",3224,3349.5,3207,3182.5,3357,3384,3373
"2012","동안구","남자",1665,1740,1669,1633.5,1737.5,1751.5,1729
"2012","동안구","여자",1559,1609.5,1538,1549,1619.5,1632.5,1644
"2012","부천시","계",7899.5,8072,7780.5,7686,8090.5,7994,7415
"2012","부천시","남자",4079,4114.5,3995.5,3914,4122,4155.5,3823.5
"2012","부천시","여자",3820.5,3957.5,3785,3772,3968.5,3838.5,3591.5
"2012","원미구","계",4078,4152.5,3952.5,3901,4102,4038.5,3827
"2012","원미구","남자",2097.5,2127.5,2029,1960,2066,2106.5,1974.5
"2012","원미구","여자",1980.5,2025,1923.5,1941,2036,1932,1852.5
"2012","소사구","계",2194,2274.5,2205.5,2144,2212.5,2176.5,1915
"2012","소사구","남자",1135,1155,1112.5,1077.5,1124.5,1121,963
"2012","소사구","여자",1059,1119.5,1093,1066.5,1088,1055.5,952
"2012","오정구","계",1627.5,1645,1622.5,1641,1776,1779,1673
"2012","오정구","남자",846.5,832,854,876.5,931.5,928,886
"2012","오정구","여자",781,813,768.5,764.5,844.5,851,787
"2012","광명시","계",4169,4149,3916,3926,4034,3866,3548
"2012","광명시","남자",2123.5,2117.5,2018.5,2019,2022,1967.5,1860.5
"2012","광명시","여자",2045.5,2031.5,1897.5,1907,2012,1898.5,1687.5
"2012","평택시","계",4385,4584,4530,4513.5,4768.5,4753.5,4401
"2012","평택시","남자",2240,2356.5,2330,2319.5,2431,2432,2241.5
"2012","평택시","여자",2145,2227.5,2200,2194,2337.5,2321.5,2159.5
"2012","동두천시","계",858.5,951.5,949.5,937.5,983,1010,900.5
"2012","동두천시","남자",449.5,500,480.5,449.5,485,515.5,461.5
"2012","동두천시","여자",409,451.5,469,488,498,494.5,439
"2012","안산시","계",6535,6811,6614.5,6698,7187.5,7043.5,6685
"2012","안산시","남자",3285,3460,3420,3464.5,3690.5,3601.5,3419
"2012","안산시","여자",3250,3351,3194.5,3233.5,3497,3442,3266
"2012","상록구","계",3499.5,3655.5,3496,3495,3752.5,3709,3530
"2012","상록구","남자",1757.5,1844,1796,1817,1926.5,1879,1785.5
"2012","상록구","여자",1742,1811.5,1700,1678,1826,1830,1744.5
"2012","단원구","계",3035.5,3155.5,3118.5,3203,3435,3334.5,3155
"2012","단원구","남자",1527.5,1616,1624,1647.5,1764,1722.5,1633.5
"2012","단원구","여자",1508,1539.5,1494.5,1555.5,1671,1612,1521.5
"2012","고양시","계",8079.5,8568.5,8579,8779.5,9362,9363.5,8869.5
"2012","고양시","남자",4140.5,4411.5,4404.5,4456,4817,4856,4550
"2012","고양시","여자",3939,4157,4174.5,4323.5,4545,4507.5,4319.5
"2012","덕양구","계",3566.5,3792.5,3781,3801.5,3980.5,3908,3559
"2012","덕양구","남자",1845,1956,1942,1934.5,2044,2004,1811
"2012","덕양구","여자",1721.5,1836.5,1839,1867,1936.5,1904,1748
"2012","일산동구","계",2141.5,2254.5,2275,2304.5,2463,2488,2432.5
"2012","일산동구","남자",1081,1143.5,1181,1187,1278,1313,1260.5
"2012","일산동구","여자",1060.5,1111,1094,1117.5,1185,1175,1172
"2012","일산서구","계",2371.5,2521.5,2523,2673.5,2918.5,2967.5,2878
"2012","일산서구","남자",1214.5,1312,1281.5,1334.5,1495,1539,1478.5
"2012","일산서구","여자",1157,1209.5,1241.5,1339,1423.5,1428.5,1399.5
"2012","과천시","계",533,533.5,557,615,643,651,681.5
"2012","과천시","남자",274.5,261,291,319.5,337.5,354,367
"2012","과천시","여자",258.5,272.5,266,295.5,305.5,297,314.5
"2012","구리시","계",1766.5,1836,1839,1820,1950,1966.5,1781
"2012","구리시","남자",909.5,951.5,947.5,916.5,987.5,1050.5,979.5
"2012","구리시","여자",857,884.5,891.5,903.5,962.5,916,801.5
"2012","남양주시","계",6111,6774,6870,7070,7494.5,7352,6674.5
"2012","남양주시","남자",3118,3491.5,3551.5,3671.5,3899,3796,3485
"2012","남양주시","여자",2993,3282.5,3318.5,3398.5,3595.5,3556,3189.5
"2012","오산시","계",2975,3081,2999.5,2982.5,3026.5,2853,2572.5
"2012","오산시","남자",1507.5,1584.5,1531.5,1568.5,1595,1444.5,1291
"2012","오산시","여자",1467.5,1496.5,1468,1414,1431.5,1408.5,1281.5
"2012","시흥시","계",4045.5,4313.5,4314,4380.5,4533.5,4523.5,4299.5
"2012","시흥시","남자",2096.5,2196.5,2203,2266.5,2305,2259,2167
"2012","시흥시","여자",1949,2117,2111,2114,2228.5,2264.5,2132.5
"2012","군포시","계",3355,3283.5,3121,3073,3180.5,3103,2898
"2012","군포시","남자",1722.5,1690.5,1613,1581,1642,1600,1486
"2012","군포시","여자",1632.5,1593,1508,1492,1538.5,1503,1412
"2012","의왕시","계",1481.5,1591.5,1567,1574.5,1611,1576,1412.5
"2012","의왕시","남자",772.5,842.5,808.5,809,832,811,720.5
"2012","의왕시","여자",709,749,758.5,765.5,779,765,692
"2012","하남시","계",1254,1393.5,1366,1349.5,1465.5,1419,1233.5
"2012","하남시","남자",651.5,704,688.5,682,753.5,745.5,660.5
"2012","하남시","여자",602.5,689.5,677.5,667.5,712,673.5,573
"2012","용인시","계",9843.5,10716,10967.5,11380.5,12246,12116.5,11287.5
"2012","용인시","남자",5041,5477.5,5613.5,5837.5,6303.5,6252.5,5853.5
"2012","용인시","여자",4802.5,5238.5,5354,5543,5942.5,5864,5434
"2012","처인구","계",1898.5,2037.5,2020,2091.5,2260.5,2230,2080.5
"2012","처인구","남자",945,1040,1034.5,1058.5,1148.5,1157,1093
"2012","처인구","여자",953.5,997.5,985.5,1033,1112,1073,987.5
"2012","기흥구","계",4557.5,4990,5087,5215.5,5667,5625,5106
"2012","기흥구","남자",2339.5,2555.5,2621.5,2709,2926.5,2933.5,2662.5
"2012","기흥구","여자",2218,2434.5,2465.5,2506.5,2740.5,2691.5,2443.5
"2012","수지구","계",3387.5,3688.5,3860.5,4073.5,4318.5,4261.5,4101
"2012","수지구","남자",1756.5,1882,1957.5,2070,2228.5,2162,2098
"2012","수지구","여자",1631,1806.5,1903,2003.5,2090,2099.5,2003
"2012","파주시","계",4258,4631,4542.5,4517.5,4832,4663,4297.5
"2012","파주시","남자",2198,2349.5,2338.5,2368.5,2483,2371.5,2202
"2012","파주시","여자",2060,2281.5,2204,2149,2349,2291.5,2095.5
"2012","이천시","계",2250,2357,2268,2224.5,2391.5,2358,2194.5
"2012","이천시","남자",1162,1224.5,1193,1149.5,1211.5,1213.5,1153
"2012","이천시","여자",1088,1132.5,1075,1075,1180,1144.5,1041.5
"2012","안성시","계",1918,1993.5,1981.5,2009.5,2064,1980,1784
"2012","안성시","남자",971.5,1022,1004,1029,1067.5,1033,933.5
"2012","안성시","여자",946.5,971.5,977.5,980.5,996.5,947,850.5
"2012","김포시","계",2788,3066.5,3065.5,3046.5,3224.5,3081,2913.5
"2012","김포시","남자",1403,1593.5,1631.5,1585,1637.5,1581,1531
"2012","김포시","여자",1385,1473,1434,1461.5,1587,1500,1382.5
"2012","화성시","계",7589.5,8216.5,8166.5,8246,8451.5,8069.5,7308
"2012","화성시","남자",3871.5,4242,4217.5,4259,4310.5,4102,3724.5
"2012","화성시","여자",3718,3974.5,3949,3987,4141,3967.5,3583.5
"2012","광주시","계",2951.5,3153.5,3076.5,3006,3134.5,3072.5,2791.5
"2012","광주시","남자",1504,1627.5,1604,1541.5,1551,1527,1424
"2012","광주시","여자",1447.5,1526,1472.5,1464.5,1583.5,1545.5,1367.5
"2012","양주시","계",1985,2184.5,2247,2241.5,2420,2382.5,2189.5
"2012","양주시","남자",996.5,1104.5,1138.5,1134,1225,1238,1153.5
"2012","양주시","여자",988.5,1080,1108.5,1107.5,1195,1144.5,1036
"2012","포천시","계",1186,1222.5,1244.5,1275,1342.5,1392.5,1324.5
"2012","포천시","남자",602.5,631.5,626,651,712,746.5,703
"2012","포천시","여자",583.5,591,618.5,624,630.5,646,621.5
"2012","연천군","계",389.5,383,349.5,327,329,316,314
"2012","연천군","남자",197.5,191,176.5,180,171,163.5,173.5
"2012","연천군","여자",192,192,173,147,158,152.5,140.5
"2012","가평군","계",404,432.5,442,442.5,452,436.5,439
"2012","가평군","남자",194,210,222.5,228.5,241,227,235
"2012","가평군","여자",210,222.5,219.5,214,211,209.5,204
"2012","양평군","계",667,717,717.5,726.5,783,820.5,755.5
"2012","양평군","남자",338.5,368,367.5,369,390,417,391.5
"2012","양평군","여자",328.5,349,350,357.5,393,403.5,364
"2013","경기도","계",115203.5,127690,127488.5,124893.5,125139.5,131675,129034
"2013","경기도","남자",59131,65499.5,65543,64321,64318,67559.5,66339
"2013","경기도","여자",56072.5,62190.5,61945.5,60572.5,60821.5,64115.5,62695
"2013","수원시","계",11370,12070,11677,11295,11313,11849.5,11673.5
"2013","수원시","남자",5838.5,6194.5,6035,5844,5813.5,6118.5,6017
"2013","수원시","여자",5531.5,5875.5,5642,5451,5499.5,5731,5656.5
"2013","장안구","계",2521.5,2763,2768.5,2733.5,2803,2948.5,2959
"2013","장안구","남자",1304,1406,1456,1433,1424,1513.5,1518
"2013","장안구","여자",1217.5,1357,1312.5,1300.5,1379,1435,1441
"2013","권선구","계",3428.5,3617.5,3486.5,3269.5,3184.5,3360.5,3266.5
"2013","권선구","남자",1754,1850.5,1788.5,1674.5,1636.5,1732,1679
"2013","권선구","여자",1674.5,1767,1698,1595,1548,1628.5,1587.5
"2013","팔달구","계",1758.5,1829.5,1717,1666,1671.5,1783.5,1671.5
"2013","팔달구","남자",886.5,931.5,878.5,877.5,876,933,869.5
"2013","팔달구","여자",872,898,838.5,788.5,795.5,850.5,802
"2013","영통구","계",3661.5,3860,3705,3626,3654,3757,3776.5
"2013","영통구","남자",1894,2006.5,1912,1859,1877,1940,1950.5
"2013","영통구","여자",1767.5,1853.5,1793,1767,1777,1817,1826
"2013","성남시","계",8595,9033,8810,8397.5,8241.5,8729.5,8699.5
"2013","성남시","남자",4461,4746.5,4588.5,4346.5,4200.5,4460.5,4464.5
"2013","성남시","여자",4134,4286.5,4221.5,4051,4041,4269,4235
"2013","수정구","계",1959.5,2023,1878,1756,1715,1819.5,1709.5
"2013","수정구","남자",1013.5,1039,985.5,919.5,891.5,947,863
"2013","수정구","여자",946,984,892.5,836.5,823.5,872.5,846.5
"2013","중원구","계",2039.5,2250,2209,2100.5,2042,2152.5,2029.5
"2013","중원구","남자",1086,1185.5,1156.5,1081,1029.5,1087,1027
"2013","중원구","여자",953.5,1064.5,1052.5,1019.5,1012.5,1065.5,1002.5
"2013","분당구","계",4596,4760,4723,4541,4484.5,4757.5,4960.5
"2013","분당구","남자",2361.5,2522,2446.5,2346,2279.5,2426.5,2574.5
"2013","분당구","여자",2234.5,2238,2276.5,2195,2205,2331,2386
"2013","의정부시","계",3390.5,3857,3869,3870,3844.5,4116.5,4107.5
"2013","의정부시","남자",1756.5,1983.5,1990.5,1964.5,1955,2127.5,2108
"2013","의정부시","여자",1634,1873.5,1878.5,1905.5,1889.5,1989,1999.5
"2013","안양시","계",5165,5553,5552.5,5255,5175,5498.5,5507
"2013","안양시","남자",2657,2879.5,2879,2723.5,2663,2854.5,2857
"2013","안양시","여자",2508,2673.5,2673.5,2531.5,2512,2644,2650
"2013","만안구","계",2047,2186,2154.5,2008,1970,2079,2010.5
"2013","만안구","남자",1057,1140.5,1107,1031,999,1079,1052
"2013","만안구","여자",990,1045.5,1047.5,977,971,1000,958.5
"2013","동안구","계",3118,3367,3398,3247,3205,3419.5,3496.5
"2013","동안구","남자",1600,1739,1772,1692.5,1664,1775.5,1805
"2013","동안구","여자",1518,1628,1626,1554.5,1541,1644,1691.5
"2013","부천시","계",7378.5,7978,7852,7571,7530.5,7918,7823
"2013","부천시","남자",3832,4077,3998.5,3872.5,3835.5,4039,4045
"2013","부천시","여자",3546.5,3901,3853.5,3698.5,3695,3879,3778
"2013","원미구","계",3871,4122.5,4048,3862.5,3876.5,4062.5,4052
"2013","원미구","남자",2001.5,2101,2071.5,1977.5,1942,2058,2093
"2013","원미구","여자",1869.5,2021.5,1976.5,1885,1934.5,2004.5,1959
"2013","소사구","계",2037.5,2211.5,2197,2139,2071,2166.5,2080
"2013","소사구","남자",1050,1148.5,1110.5,1071,1046,1098,1069.5
"2013","소사구","여자",987.5,1063,1086.5,1068,1025,1068.5,1010.5
"2013","오정구","계",1470,1644,1607,1569.5,1583,1689,1691
"2013","오정구","남자",780.5,827.5,816.5,824,847.5,883,882.5
"2013","오정구","여자",689.5,816.5,790.5,745.5,735.5,806,808.5
"2013","광명시","계",3744.5,4070,3928,3767.5,3805.5,3932,3812
"2013","광명시","남자",1908.5,2078.5,2013.5,1932,1960,1978,1934
"2013","광명시","여자",1836,1991.5,1914.5,1835.5,1845.5,1954,1878
"2013","평택시","계",4367,4737.5,4714,4629,4596.5,4857,4826.5
"2013","평택시","남자",2216,2433.5,2412.5,2394,2349,2485,2477.5
"2013","평택시","여자",2151,2304,2301.5,2235,2247.5,2372,2349
"2013","동두천시","계",807,912,968.5,954.5,918,975.5,990
"2013","동두천시","남자",412.5,482.5,508.5,477.5,442,478,507
"2013","동두천시","여자",394.5,429.5,460,477,476,497.5,483
"2013","안산시","계",6213.5,6736,6726,6538,6586.5,7048,6900
"2013","안산시","남자",3122,3379.5,3420,3390.5,3402,3614.5,3526.5
"2013","안산시","여자",3091.5,3356.5,3306,3147.5,3184.5,3433.5,3373.5
"2013","상록구","계",3369.5,3650,3606,3499,3460,3669,3634
"2013","상록구","남자",1679.5,1825,1820,1801.5,1802,1872,1844
"2013","상록구","여자",1690,1825,1786,1697.5,1658,1797,1790
"2013","단원구","계",2844,3086,3120,3039,3126.5,3379,3266
"2013","단원구","남자",1442.5,1554.5,1600,1589,1600,1742.5,1682.5
"2013","단원구","여자",1401.5,1531.5,1520,1450,1526.5,1636.5,1583.5
"2013","고양시","계",7875,8793,8860.5,8805.5,8948,9564,9458.5
"2013","고양시","남자",4031,4528.5,4551.5,4520,4550.5,4908.5,4870
"2013","고양시","여자",3844,4264.5,4309,4285.5,4397.5,4655.5,4588.5
"2013","덕양구","계",3452.5,3929,3945.5,3862,3873,4048.5,3882
"2013","덕양구","남자",1762,2040,2040.5,1981.5,1978,2059.5,1977
"2013","덕양구","여자",1690.5,1889,1905,1880.5,1895,1989,1905
"2013","일산동구","계",2084,2255,2280.5,2322,2371.5,2503.5,2542.5
"2013","일산동구","남자",1068,1131.5,1146.5,1209.5,1217,1303.5,1340.5
"2013","일산동구","여자",1016,1123.5,1134,1112.5,1154.5,1200,1202
"2013","일산서구","계",2338.5,2609,2634.5,2621.5,2703.5,3012,3034
"2013","일산서구","남자",1201,1357,1364.5,1329,1355.5,1545.5,1552.5
"2013","일산서구","여자",1137.5,1252,1270,1292.5,1348,1466.5,1481.5
"2013","과천시","계",521.5,543.5,548.5,563.5,621,647,655.5
"2013","과천시","남자",268,273.5,276,295,319.5,337,361
"2013","과천시","여자",253.5,270,272.5,268.5,301.5,310,294.5
"2013","구리시","계",1657.5,1801,1778,1770.5,1770.5,1900,1882
"2013","구리시","남자",854.5,928,914.5,918.5,892,967,1008.5
"2013","구리시","여자",803,873,863.5,852,878.5,933,873.5
"2013","남양주시","계",5828,6911,7147.5,7130,7287,7643,7447.5
"2013","남양주시","남자",3020,3534.5,3692.5,3655.5,3775,3964,3864
"2013","남양주시","여자",2808,3376.5,3455,3474.5,3512,3679,3583.5
"2013","오산시","계",2815.5,3145.5,3133.5,3027.5,2985,3062.5,2850
"2013","오산시","남자",1436,1612,1623.5,1548.5,1582,1609.5,1448
"2013","오산시","여자",1379.5,1533.5,1510,1479,1403,1453,1402
"2013","시흥시","계",3691.5,4167,4195,4228,4257.5,4428,4401
"2013","시흥시","남자",1912.5,2149,2145,2154.5,2212,2262.5,2202
"2013","시흥시","여자",1779,2018,2050,2073.5,2045.5,2165.5,2199
"2013","군포시","계",3165,3278.5,3162,3009.5,2999.5,3103.5,3001
"2013","군포시","남자",1619,1679.5,1641,1558.5,1543.5,1610,1547
"2013","군포시","여자",1546,1599,1521,1451,1456,1493.5,1454
"2013","의왕시","계",1539,1675.5,1667,1652,1620.5,1632.5,1574
"2013","의왕시","남자",771.5,882,877.5,856.5,824.5,842,805
"2013","의왕시","여자",767.5,793.5,789.5,795.5,796,790.5,769
"2013","하남시","계",1161.5,1329.5,1370.5,1315,1319,1426,1354
"2013","하남시","남자",623.5,686,686.5,672,664.5,732.5,716.5
"2013","하남시","여자",538,643.5,684,643,654.5,693.5,637.5
"2013","용인시","계",9578,11102.5,11249.5,11439.5,11670,12542,12238.5
"2013","용인시","남자",4927.5,5663.5,5724.5,5848,6006,6458,6293.5
"2013","용인시","여자",4650.5,5439,5525,5591.5,5664,6084,5945
"2013","처인구","계",1785.5,2033.5,2055.5,2054,2113,2265,2215
"2013","처인구","남자",892.5,1016,1051,1040.5,1069.5,1153,1149
"2013","처인구","여자",893,1017.5,1004.5,1013.5,1043.5,1112,1066
"2013","기흥구","계",4428.5,5215.5,5276.5,5334,5351.5,5824.5,5646
"2013","기흥구","남자",2272,2654.5,2684.5,2764.5,2776.5,3014.5,2935.5
"2013","기흥구","여자",2156.5,2561,2592,2569.5,2575,2810,2710.5
"2013","수지구","계",3364,3853.5,3917.5,4051.5,4205.5,4452.5,4377.5
"2013","수지구","남자",1763,1993,1989,2043,2160,2290.5,2209
"2013","수지구","여자",1601,1860.5,1928.5,2008.5,2045.5,2162,2168.5
"2013","파주시","계",4157.5,4712,4792.5,4709,4690,4943.5,4780
"2013","파주시","남자",2134,2414,2426.5,2426.5,2454,2531.5,2430.5
"2013","파주시","여자",2023.5,2298,2366,2282.5,2236,2412,2349.5
"2013","이천시","계",2114,2349,2337.5,2242,2219.5,2375,2339
"2013","이천시","남자",1074.5,1204.5,1230.5,1181,1148.5,1205,1203.5
"2013","이천시","여자",1039.5,1144.5,1107,1061,1071,1170,1135.5
"2013","안성시","계",1786.5,1970,1983.5,1928.5,1981,2048,1951.5
"2013","안성시","남자",915.5,991.5,1014.5,980.5,1021,1056.5,1018
"2013","안성시","여자",871,978.5,969,948,960,991.5,933.5
"2013","김포시","계",3145,3707,3702.5,3607.5,3598.5,3635.5,3527
"2013","김포시","남자",1594,1860,1936,1906.5,1860.5,1843,1816.5
"2013","김포시","여자",1551,1847,1766.5,1701,1738,1792.5,1710.5
"2013","화성시","계",6958,8030.5,8196,8105,8123.5,8311,7911.5
"2013","화성시","남자",3568,4122.5,4221.5,4178.5,4199,4247.5,4019
"2013","화성시","여자",3390,3908,3974.5,3926.5,3924.5,4063.5,3892.5
"2013","광주시","계",2956.5,3330,3334,3173.5,3049.5,3187.5,3079
"2013","광주시","남자",1495.5,1711,1717.5,1660.5,1563,1572.5,1540.5
"2013","광주시","여자",1461,1619,1616.5,1513,1486.5,1615,1538.5
"2013","양주시","계",1795.5,2129,2188.5,2189,2236,2385,2322.5
"2013","양주시","남자",915.5,1075,1104,1110,1133,1211.5,1218
"2013","양주시","여자",880,1054,1084.5,1079,1103,1173.5,1104.5
"2013","포천시","계",1127.5,1231,1209,1250,1267.5,1320,1363.5
"2013","포천시","남자",566.5,629.5,635.5,634.5,641.5,707,729
"2013","포천시","여자",561,601.5,573.5,615.5,626,613,634.5
"2013","여주시","계",841,932,959.5,929.5,932,981,969.5
"2013","여주시","남자",452,492.5,486.5,477.5,497.5,514.5,488.5
"2013","여주시","여자",389,439.5,473,452,434.5,466.5,481
"2013","연천군","계",430,419.5,372,349.5,325.5,329,300.5
"2013","연천군","남자",231,210.5,188,186,177,171.5,165.5
"2013","연천군","여자",199,209,184,163.5,148.5,157.5,135
"2013","가평군","계",382,445.5,454.5,440,444.5,457,441.5
"2013","가평군","남자",189,213.5,218.5,219.5,236.5,237.5,234
"2013","가평군","여자",193,232,236,220.5,208,219.5,207.5
"2013","양평군","계",646.5,741,750,751.5,783,829.5,847.5
"2013","양평군","남자",328,383.5,385.5,388,396.5,415,424
"2013","양평군","여자",318.5,357.5,364.5,363.5,386.5,414.5,423.5
"2014","경기도","계",109378.5,122835,129432.5,128676,125792,125841,132096
"2014","경기도","남자",55952,63063,66375.5,66108.5,64758.5,64719.5,67808.5
"2014","경기도","여자",53426.5,59772,63057,62567.5,61033.5,61121.5,64287.5
"2014","수원시","계",11135.5,12172,12409,11999,11622,11614.5,12222
"2014","수원시","남자",5705,6246.5,6378,6200.5,5993.5,5968,6303
"2014","수원시","여자",5430.5,5925.5,6031,5798.5,5628.5,5646.5,5919
"2014","장안구","계",2463,2746,2865,2872,2809.5,2916.5,3097
"2014","장안구","남자",1298,1398.5,1454,1510.5,1456,1488,1584
"2014","장안구","여자",1165,1347.5,1411,1361.5,1353.5,1428.5,1513
"2014","권선구","계",3286,3564.5,3688,3517.5,3302,3189,3376.5
"2014","권선구","남자",1669,1822,1901,1802.5,1691,1651.5,1742.5
"2014","권선구","여자",1617,1742.5,1787,1715,1611,1537.5,1634
"2014","팔달구","계",1628.5,1783,1733.5,1647,1613,1604,1682
"2014","팔달구","남자",826.5,917,884.5,856,853.5,839.5,875
"2014","팔달구","여자",802,866,849,791,759.5,764.5,807
"2014","영통구","계",3758,4078.5,4122.5,3962.5,3897.5,3905,4066.5
"2014","영통구","남자",1911.5,2109,2138.5,2031.5,1993,1989,2101.5
"2014","영통구","여자",1846.5,1969.5,1984,1931,1904.5,1916,1965
"2014","성남시","계",8217.5,8677,8781.5,8659.5,8355,8234.5,8753
"2014","성남시","남자",4146,4515,4612.5,4526.5,4281,4192.5,4489.5
"2014","성남시","여자",4071.5,4162,4169,4133,4074,4042,4263.5
"2014","수정구","계",1782.5,1824.5,1809.5,1711.5,1655.5,1611.5,1678.5
"2014","수정구","남자",905,946,938,900.5,855.5,842,874
"2014","수정구","여자",877.5,878.5,871.5,811,800,769.5,804.5
"2014","중원구","계",1887.5,2106.5,2176,2141,2055,1990.5,2087.5
"2014","중원구","남자",970.5,1108,1149.5,1127,1034.5,986,1046
"2014","중원구","여자",917,998.5,1026.5,1014,1020.5,1004.5,1041.5
"2014","분당구","계",4547.5,4746,4796,4807,4644.5,4632.5,4987
"2014","분당구","남자",2270.5,2461,2525,2499,2391,2364.5,2569.5
"2014","분당구","여자",2277,2285,2271,2308,2253.5,2268,2417.5
"2014","의정부시","계",3148,3685,3898.5,3890,3864.5,3806.5,4103.5
"2014","의정부시","남자",1611.5,1908.5,2009,1989.5,1964,1938.5,2124
"2014","의정부시","여자",1536.5,1776.5,1889.5,1900.5,1900.5,1868,1979.5
"2014","안양시","계",4960,5202.5,5409,5385.5,5133,5087,5441.5
"2014","안양시","남자",2537.5,2668,2783,2794,2681,2605.5,2827
"2014","안양시","여자",2422.5,2534.5,2626,2591.5,2452,2481.5,2614.5
"2014","만안구","계",1912.5,2071.5,2102,2051,1926.5,1898,1977
"2014","만안구","남자",976.5,1066.5,1085.5,1046,990,964.5,1040
"2014","만안구","여자",936,1005,1016.5,1005,936.5,933.5,937
"2014","동안구","계",3047.5,3131,3307,3334.5,3206.5,3189,3464.5
"2014","동안구","남자",1561,1601.5,1697.5,1748,1691,1641,1787
"2014","동안구","여자",1486.5,1529.5,1609.5,1586.5,1515.5,1548,1677.5
"2014","부천시","계",6870.5,7468,7715,7595,7389,7340.5,7710
"2014","부천시","남자",3538.5,3864,3949,3856,3777,3737,3945
"2014","부천시","여자",3332,3604,3766,3739,3612,3603.5,3765
"2014","원미구","계",3707.5,3960.5,4022.5,3951.5,3838.5,3824.5,4055
"2014","원미구","남자",1908,2055.5,2065,2025.5,1954,1926,2062.5
"2014","원미구","여자",1799.5,1905,1957.5,1926,1884.5,1898.5,1992.5
"2014","소사구","계",1864,2037.5,2101.5,2083.5,2045,2005.5,2053.5
"2014","소사구","남자",953,1045.5,1079.5,1045.5,1027.5,1006.5,1047.5
"2014","소사구","여자",911,992,1022,1038,1017.5,999,1006
"2014","오정구","계",1299,1470,1591,1560,1505.5,1510.5,1601.5
"2014","오정구","남자",677.5,763,804.5,785,795.5,804.5,835
"2014","오정구","여자",621.5,707,786.5,775,710,706,766.5
"2014","광명시","계",3329.5,3699,3851,3750.5,3632.5,3675.5,3844.5
"2014","광명시","남자",1704.5,1894,1981,1907.5,1883,1906,1930.5
"2014","광명시","여자",1625,1805,1870,1843,1749.5,1769.5,1914
"2014","평택시","계",4239.5,4668.5,4837.5,4798.5,4689,4688,4920.5
"2014","평택시","남자",2148.5,2374,2475,2476,2423.5,2393.5,2522
"2014","평택시","여자",2091,2294.5,2362.5,2322.5,2265.5,2294.5,2398.5
"2014","동두천시","계",775,861.5,905,968,943,908,969
"2014","동두천시","남자",394,440.5,475,506,472.5,436.5,476.5
"2014","동두천시","여자",381,421,430,462,470.5,471.5,492.5
"2014","안산시","계",5800,6348,6662,6589,6418.5,6445.5,6907.5
"2014","안산시","남자",2942,3191,3341,3375,3326,3327,3546
"2014","안산시","여자",2858,3157,3321,3214,3092.5,3118.5,3361.5
"2014","상록구","계",3201,3480.5,3631,3563,3457,3387,3585
"2014","상록구","남자",1621,1745.5,1820,1818,1779.5,1753.5,1824
"2014","상록구","여자",1580,1735,1811,1745,1677.5,1633.5,1761
"2014","단원구","계",2599,2867.5,3031,3026,2961.5,3058.5,3322.5
"2014","단원구","남자",1321,1445.5,1521,1557,1546.5,1573.5,1722
"2014","단원구","여자",1278,1422,1510,1469,1415,1485,1600.5
"2014","고양시","계",7577,8649.5,9242,9230.5,9057.5,9234.5,9845
"2014","고양시","남자",3886,4437,4748.5,4737,4655,4736,5045
"2014","고양시","여자",3691,4212.5,4493.5,4493.5,4402.5,4498.5,4800
"2014","덕양구","계",3390,3878.5,4207,4135,4003,4036.5,4123.5
"2014","덕양구","남자",1734.5,2007,2191,2128,2067.5,2074,2097.5
"2014","덕양구","여자",1655.5,1871.5,2016,2007,1935.5,1962.5,2026
"2014","일산동구","계",1994,2194.5,2278,2355.5,2373,2411,2589.5
"2014","일산동구","남자",1030,1122,1135,1189.5,1232,1239.5,1354
"2014","일산동구","여자",964,1072.5,1143,1166,1141,1171.5,1235.5
"2014","일산서구","계",2193,2576.5,2757,2740,2681.5,2787,3132
"2014","일산서구","남자",1121.5,1308,1422.5,1419.5,1355.5,1422.5,1593.5
"2014","일산서구","여자",1071.5,1268.5,1334.5,1320.5,1326,1364.5,1538.5
"2014","과천시","계",497,538.5,544.5,557,577.5,621.5,649
"2014","과천시","남자",249.5,281,275.5,286,303.5,321.5,338
"2014","과천시","여자",247.5,257.5,269,271,274,300,311
"2014","구리시","계",1460,1674.5,1741.5,1709.5,1697,1739.5,1838.5
"2014","구리시","남자",745.5,873,889.5,871,881,886,939
"2014","구리시","여자",714.5,801.5,852,838.5,816,853.5,899.5
"2014","남양주시","계",5524.5,6625.5,7311.5,7427,7366.5,7432,7768
"2014","남양주시","남자",2870.5,3428,3731,3810.5,3775.5,3852.5,4028
"2014","남양주시","여자",2654,3197.5,3580.5,3616.5,3591,3579.5,3740
"2014","오산시","계",2641,2955.5,3195.5,3153.5,3016,3000.5,3052
"2014","오산시","남자",1358.5,1518,1641.5,1618,1549,1582.5,1615
"2014","오산시","여자",1282.5,1437.5,1554,1535.5,1467,1418,1437
"2014","시흥시","계",3273,3813.5,4062.5,4143.5,4126,4182,4331.5
"2014","시흥시","남자",1669.5,1979.5,2099,2117.5,2117,2181.5,2216.5
"2014","시흥시","여자",1603.5,1834,1963.5,2026,2009,2000.5,2115
"2014","군포시","계",3018,3179,3188,3095,2965,2953,3040.5
"2014","군포시","남자",1552,1612,1638,1611,1528.5,1532.5,1579
"2014","군포시","여자",1466,1567,1550,1484,1436.5,1420.5,1461.5
"2014","의왕시","계",1418.5,1646.5,1679.5,1691.5,1639,1606,1578
"2014","의왕시","남자",703,843,887.5,891.5,841,818.5,810.5
"2014","의왕시","여자",715.5,803.5,792,800,798,787.5,767.5
"2014","하남시","계",1124.5,1270,1361,1388,1342.5,1363,1419
"2014","하남시","남자",583,671,698.5,689.5,690,687,736.5
"2014","하남시","여자",541.5,599,662.5,698.5,652.5,676,682.5
"2014","용인시","계",9125.5,10771.5,11645.5,11723,11710,11953,12695.5
"2014","용인시","남자",4668,5510,5929.5,5960,5992.5,6156.5,6518
"2014","용인시","여자",4457.5,5261.5,5716,5763,5717.5,5796.5,6177.5
"2014","처인구","계",1744,1945.5,2114,2115,2099,2158.5,2258
"2014","처인구","남자",888,973.5,1063.5,1068,1058.5,1096.5,1148.5
"2014","처인구","여자",856,972,1050.5,1047,1040.5,1062,1109.5
"2014","기흥구","계",4203,5065,5522,5554,5462,5490.5,5932
"2014","기흥구","남자",2165.5,2577,2793.5,2840,2815,2841.5,3060
"2014","기흥구","여자",2037.5,2488,2728.5,2714,2647,2649,2872
"2014","수지구","계",3178.5,3761,4009.5,4054,4149,4304,4505.5
"2014","수지구","남자",1614.5,1959.5,2072.5,2052,2119,2218.5,2309.5
"2014","수지구","여자",1564,1801.5,1937,2002,2030,2085.5,2196
"2014","파주시","계",3980,4572,4837.5,4900,4821.5,4753.5,4980
"2014","파주시","남자",2022,2336,2481.5,2486,2469,2468.5,2553
"2014","파주시","여자",1958,2236,2356,2414,2352.5,2285,2427
"2014","이천시","계",1944.5,2198,2310,2303.5,2228.5,2183.5,2352.5
"2014","이천시","남자",997.5,1106.5,1188,1213.5,1175.5,1132.5,1206
"2014","이천시","여자",947,1091.5,1122,1090,1053,1051,1146.5
"2014","안성시","계",1615.5,1840.5,1967,1943.5,1912.5,1955.5,2003
"2014","안성시","남자",837.5,938,994,996.5,975,1006.5,1029
"2014","안성시","여자",778,902.5,973,947,937.5,949,974
"2014","김포시","계",3483.5,4025.5,4343,4308,4079.5,4019.5,4065.5
"2014","김포시","남자",1780,2036.5,2179,2230,2151.5,2067.5,2055.5
"2014","김포시","여자",1703.5,1989,2164,2078,1928,1952,2010
"2014","화성시","계",6304.5,7399,8049,8105.5,8036.5,8020,8156
"2014","화성시","남자",3225.5,3817.5,4131,4146,4138.5,4145,4146.5
"2014","화성시","여자",3079,3581.5,3918,3959.5,3898,3875,4009.5
"2014","광주시","계",3018,3328.5,3501,3422,3222.5,3059.5,3180.5
"2014","광주시","남자",1537,1706,1793.5,1782.5,1691,1566.5,1580.5
"2014","광주시","여자",1481,1622.5,1707.5,1639.5,1531.5,1493,1600
"2014","양주시","계",1670,1953,2178,2178,2193,2226.5,2350
"2014","양주시","남자",850.5,997.5,1093,1100.5,1105,1124,1202.5
"2014","양주시","여자",819.5,955.5,1085,1077.5,1088,1102.5,1147.5
"2014","포천시","계",1008.5,1165.5,1239,1222.5,1254.5,1250,1308.5
"2014","포천시","남자",516,594,650,648,634.5,639,702
"2014","포천시","여자",492.5,571.5,589,574.5,620,611,606.5
"2014","여주시","계",817,904,960.5,966,940,929.5,984
"2014","여주시","남자",443.5,491.5,507,488,482.5,501,516
"2014","여주시","여자",373.5,412.5,453.5,478,457.5,428.5,468
"2014","연천군","계",414.5,425.5,386.5,354.5,337,313,310
"2014","연천군","남자",221,219,199,182,179,169,168
"2014","연천군","여자",193.5,206.5,187.5,172.5,158,144,142
"2014","가평군","계",345.5,400.5,444.5,440.5,433,434.5,446.5
"2014","가평군","남자",172.5,198,210.5,216,221,227,229
"2014","가평군","여자",173,202.5,234,224.5,212,207.5,217.5
"2014","양평군","계",642.5,717.5,776.5,778.5,790,811,871
"2014","양평군","남자",336,368.5,407,396.5,401.5,414,431.5
"2014","양평군","여자",306.5,349,369.5,382,388.5,397,439.5
"2015","경기도","계",110325,116475,124558,130805,129539.5,126324.5,126148
"2015","경기도","남자",56274,59622.5,63896,67044,66556.5,65055.5,64870
"2015","경기도","여자",54051,56852.5,60662,63761,62983,61269,61278
"2015","수원시","계",11470.5,11646.5,12305,12556,12077,11742.5,11742.5
"2015","수원시","남자",5847.5,5980,6307,6448.5,6246,6066.5,6025
"2015","수원시","여자",5623,5666.5,5998,6107.5,5831,5676,5717.5
"2015","장안구","계",2441.5,2521,2722.5,2830.5,2827.5,2810.5,2923
"2015","장안구","남자",1275,1325,1374,1433,1482.5,1465.5,1477
"2015","장안구","여자",1166.5,1196,1348.5,1397.5,1345,1345,1446
"2015","권선구","계",3480.5,3553.5,3774,3847,3626.5,3382,3289
"2015","권선구","남자",1759,1809.5,1925,1986.5,1870,1726,1697.5
"2015","권선구","여자",1721.5,1744,1849,1860.5,1756.5,1656,1591.5
"2015","팔달구","계",1570,1597.5,1656,1642,1592.5,1554,1510.5
"2015","팔달구","남자",807,821.5,861.5,850,836,825,785.5
"2015","팔달구","여자",763,776,794.5,792,756.5,729,725
"2015","영통구","계",3978.5,3974.5,4152.5,4236.5,4030.5,3996,4020
"2015","영통구","남자",2006.5,2024,2146.5,2179,2057.5,2050,2065
"2015","영통구","여자",1972,1950.5,2006,2057.5,1973,1946,1955
"2015","성남시","계",8225,8157.5,8382.5,8528,8491.5,8228,8179.5
"2015","성남시","남자",4159,4118.5,4352,4478,4412.5,4215.5,4178.5
"2015","성남시","여자",4066,4039,4030.5,4050,4079,4012.5,4001
"2015","수정구","계",1767,1698.5,1674,1637,1611.5,1554.5,1478
"2015","수정구","남자",881,862,875,850,837.5,811,776.5
"2015","수정구","여자",886,836.5,799,787,774,743.5,701.5
"2015","중원구","계",1924,1910.5,2002.5,2080,2048.5,1933.5,1889.5
"2015","중원구","남자",990.5,966,1042.5,1095,1074,961.5,936.5
"2015","중원구","여자",933.5,944.5,960,985,974.5,972,953
"2015","분당구","계",4534,4548.5,4706,4811,4831.5,4740,4812
"2015","분당구","남자",2287.5,2290.5,2434.5,2533,2501,2443,2465.5
"2015","분당구","여자",2246.5,2258,2271.5,2278,2330.5,2297,2346.5
"2015","의정부시","계",3135.5,3379,3732.5,3904,3886.5,3821,3774
"2015","의정부시","남자",1607.5,1753,1939,2012,1982.5,1945.5,1916.5
"2015","의정부시","여자",1528,1626,1793.5,1892,1904,1875.5,1857.5
"2015","안양시","계",4935,4948.5,4998.5,5252.5,5274.5,4990,5047
"2015","안양시","남자",2502.5,2522.5,2556,2697.5,2738.5,2588.5,2590
"2015","안양시","여자",2432.5,2426,2442.5,2555,2536,2401.5,2457
"2015","만안구","계",1897.5,1952,2003.5,2030,1993,1850.5,1824
"2015","만안구","남자",965,994.5,1034.5,1044.5,1016.5,953.5,939
"2015","만안구","여자",932.5,957.5,969,985.5,976.5,897,885
"2015","동안구","계",3037.5,2996.5,2995,3222.5,3281.5,3139.5,3223
"2015","동안구","남자",1537.5,1528,1521.5,1653,1722,1635,1651
"2015","동안구","여자",1500,1468.5,1473.5,1569.5,1559.5,1504.5,1572
"2015","부천시","계",6731.5,6983.5,7210,7512,7387.5,7187.5,7101.5
"2015","부천시","남자",3419,3600,3721.5,3845.5,3755.5,3675.5,3642
"2015","부천시","여자",3312.5,3383.5,3488.5,3666.5,3632,3512,3459.5
"2015","원미구","계",3759,3835,3892.5,3987,3922.5,3788,3780
"2015","원미구","남자",1899.5,1973.5,2016,2057,1999,1922.5,1923.5
"2015","원미구","여자",1859.5,1861.5,1876.5,1930,1923.5,1865.5,1856.5
"2015","소사구","계",1748,1839.5,1897,1979,1970,1945.5,1891
"2015","소사구","남자",885.5,943,965.5,1013,996,977.5,955.5
"2015","소사구","여자",862.5,896.5,931.5,966,974,968,935.5
"2015","오정구","계",1224.5,1309,1420.5,1546,1495,1454,1430.5
"2015","오정구","남자",634,683.5,740,775.5,760.5,775.5,763
"2015","오정구","여자",590.5,625.5,680.5,770.5,734.5,678.5,667.5
"2015","광명시","계",3196,3298,3535,3700,3636.5,3497,3580
"2015","광명시","남자",1632,1692,1811.5,1904,1872.5,1815.5,1854
"2015","광명시","여자",1564,1606,1723.5,1796,1764,1681.5,1726
"2015","평택시","계",4332.5,4511,4735.5,4920.5,4841.5,4767,4756.5
"2015","평택시","남자",2233.5,2278.5,2404,2519.5,2508.5,2465.5,2424
"2015","평택시","여자",2099,2232.5,2331.5,2401,2333,2301.5,2332.5
"2015","동두천시","계",750,825.5,852,912,951,938.5,903.5
"2015","동두천시","남자",393.5,412.5,440.5,471.5,496,471.5,436.5
"2015","동두천시","여자",356.5,413,411.5,440.5,455,467,467
"2015","안산시","계",5652.5,5836.5,6151.5,6443.5,6394.5,6219.5,6260.5
"2015","안산시","남자",2868.5,2961.5,3094.5,3246,3264,3206.5,3222.5
"2015","안산시","여자",2784,2875,3057,3197.5,3130.5,3013,3038
"2015","상록구","계",3177,3258.5,3391.5,3513.5,3455.5,3349,3262.5
"2015","상록구","남자",1624,1656,1693,1780,1743,1715,1680.5
"2015","상록구","여자",1553,1602.5,1698.5,1733.5,1712.5,1634,1582
"2015","단원구","계",2475.5,2578,2760,2930,2939,2870.5,2998
"2015","단원구","남자",1244.5,1305.5,1401.5,1466,1521,1491.5,1542
"2015","단원구","여자",1231,1272.5,1358.5,1464,1418,1379,1456
"2015","고양시","계",7853,8326,9038.5,9595.5,9454.5,9317.5,9474
"2015","고양시","남자",3995,4251,4643,4933,4852.5,4817,4883
"2015","고양시","여자",3858,4075,4395.5,4662.5,4602,4500.5,4591
"2015","덕양구","계",3630,3849,4133,4441.5,4303,4177.5,4118.5
"2015","덕양구","남자",1843.5,1974,2148.5,2306,2216,2176,2119.5
"2015","덕양구","여자",1786.5,1875,1984.5,2135.5,2087,2001.5,1999
"2015","일산동구","계",2016,2079,2221,2340.5,2369.5,2425,2462
"2015","일산동구","남자",1037,1075.5,1132,1170.5,1199,1256,1279
"2015","일산동구","여자",979,1003.5,1089,1170,1170.5,1169,1183
"2015","일산서구","계",2207,2398,2684.5,2813.5,2782,2715,2893.5
"2015","일산서구","남자",1114.5,1201.5,1362.5,1456.5,1437.5,1385,1484.5
"2015","일산서구","여자",1092.5,1196.5,1322,1357,1344.5,1330,1409
"2015","과천시","계",468.5,498.5,531,545.5,560,572,603.5
"2015","과천시","남자",230.5,248.5,274,277.5,291.5,300,307.5
"2015","과천시","여자",238,250,257,268,268.5,272,296
"2015","구리시","계",1408,1499.5,1635.5,1688,1645.5,1683.5,1701
"2015","구리시","남자",714.5,770,848.5,861,830,875.5,865
"2015","구리시","여자",693.5,729.5,787,827,815.5,808,836
"2015","남양주시","계",5592,6286,7009.5,7607.5,7616,7481,7532.5
"2015","남양주시","남자",2854.5,3271,3609.5,3860,3914.5,3852.5,3890
"2015","남양주시","여자",2737.5,3015,3400,3747.5,3701.5,3628.5,3642.5
"2015","오산시","계",2539.5,2717.5,2919,3120.5,3058,2924,2901
"2015","오산시","남자",1302.5,1399.5,1489.5,1612.5,1558,1503.5,1541.5
"2015","오산시","여자",1237,1318,1429.5,1508,1500,1420.5,1359.5
"2015","시흥시","계",3253,3448.5,3803.5,4094,4104.5,4103,4151.5
"2015","시흥시","남자",1671,1775.5,1973,2117,2096.5,2099.5,2169
"2015","시흥시","여자",1582,1673,1830.5,1977,2008,2003.5,1982.5
"2015","군포시","계",2986.5,2996,3064.5,3077,3027,2890.5,2881.5
"2015","군포시","남자",1539,1515.5,1556,1585.5,1564,1488,1488.5
"2015","군포시","여자",1447.5,1480.5,1508.5,1491.5,1463,1402.5,1393
"2015","의왕시","계",1319.5,1474,1597.5,1631.5,1630,1579.5,1490
"2015","의왕시","남자",682.5,738,811.5,861,850,813,764
"2015","의왕시","여자",637,736,786,770.5,780,766.5,726
"2015","하남시","계",1250.5,1396.5,1499.5,1643,1640.5,1583.5,1517.5
"2015","하남시","남자",642,722,785.5,839,829,814,768.5
"2015","하남시","여자",608.5,674.5,714,804,811.5,769.5,749
"2015","용인시","계",9191,10076.5,11162,11831.5,11884,11811.5,12038
"2015","용인시","남자",4695,5156,5720,6026.5,6060.5,6049.5,6211
"2015","용인시","여자",4496,4920.5,5442,5805,5823.5,5762,5827
"2015","처인구","계",1826,1874.5,2042,2169,2173.5,2133,2169.5
"2015","처인구","남자",925,965,1026,1089,1101,1070.5,1109
"2015","처인구","여자",901,909.5,1016,1080,1072.5,1062.5,1060.5
"2015","기흥구","계",4212.5,4630.5,5237.5,5564,5568,5448.5,5502
"2015","기흥구","남자",2156,2383,2661.5,2818,2840,2809.5,2857
"2015","기흥구","여자",2056.5,2247.5,2576,2746,2728,2639,2645
"2015","수지구","계",3152.5,3571.5,3882.5,4098.5,4142.5,4230,4366.5
"2015","수지구","남자",1614,1808,2032.5,2119.5,2119.5,2169.5,2245
"2015","수지구","여자",1538.5,1763.5,1850,1979,2023,2060.5,2121.5
"2015","파주시","계",4054,4465.5,4760,4984.5,5055,4910.5,4799.5
"2015","파주시","남자",2061.5,2271,2441,2555.5,2560.5,2507.5,2492
"2015","파주시","여자",1992.5,2194.5,2319,2429,2494.5,2403,2307.5
"2015","이천시","계",1952.5,2024,2172,2278,2277.5,2164.5,2142.5
"2015","이천시","남자",1000.5,1042,1098,1166.5,1200,1140,1116.5
"2015","이천시","여자",952,982,1074,1111.5,1077.5,1024.5,1026
"2015","안성시","계",1503,1654.5,1799.5,1915,1910,1876.5,1890.5
"2015","안성시","남자",759.5,856.5,921.5,965,979.5,961.5,970.5
"2015","안성시","여자",743.5,798,878,950,930.5,915,920
"2015","김포시","계",3748.5,4116.5,4445,4758,4590.5,4379,4292
"2015","김포시","남자",1908.5,2116,2236,2385,2380.5,2306,2193.5
"2015","김포시","여자",1840,2000.5,2209,2373,2210,2073,2098.5
"2015","화성시","계",6679.5,7351,8043.5,8673.5,8646.5,8482.5,8382.5
"2015","화성시","남자",3397.5,3757,4164.5,4435,4425,4364,4305
"2015","화성시","여자",3282,3594,3879,4238.5,4221.5,4118.5,4077.5
"2015","광주시","계",3233.5,3336.5,3484,3603.5,3461.5,3222,3026
"2015","광주시","남자",1665.5,1704,1775.5,1860,1804,1679.5,1536.5
"2015","광주시","여자",1568,1632.5,1708.5,1743.5,1657.5,1542.5,1489.5
"2015","양주시","계",1671.5,1828.5,2044.5,2222,2215,2194.5,2232
"2015","양주시","남자",858,945,1033,1108,1122.5,1106.5,1133
"2015","양주시","여자",813.5,883.5,1011.5,1114,1092.5,1088,1099
"2015","포천시","계",1027,1051,1175,1234,1219.5,1230,1241
"2015","포천시","남자",523,538.5,599.5,647.5,647,624.5,635.5
"2015","포천시","여자",504,512.5,575.5,586.5,572.5,605.5,605.5
"2015","여주시","계",808,885.5,913.5,957.5,983,942,929
"2015","여주시","남자",415.5,476,498.5,502.5,499,486.5,497.5
"2015","여주시","여자",392.5,409.5,415,455,484,455.5,431.5
"2015","연천군","계",383,406.5,393.5,365.5,347.5,327,294.5
"2015","연천군","남자",190,209.5,200,191,178,170,158
"2015","연천군","여자",193,197,193.5,174.5,169.5,157,136.5
"2015","가평군","계",349,351,401.5,445,445.5,434,428
"2015","가평군","남자",172.5,178,201,216,218.5,221.5,220.5
"2015","가평군","여자",176.5,173,200.5,229,227,212.5,207.5
"2015","양평군","계",625.5,699.5,763,806,827.5,825,855
"2015","양평군","남자",332.5,363.5,391,416.5,419.5,425,434.5
"2015","양평군","여자",293,336,372,389.5,408,400,420.5
"2016","경기도","계",107724.5,117978.5,118936.5,126499,132228,130399.5,127045.5
"2016","경기도","남자",55054,60232,60937.5,64869,67792.5,67009.5,65392.5
"2016","경기도","여자",52670.5,57746.5,57999,61630,64435.5,63390,61653
"2016","수원시","계",11140,11732.5,11573.5,12147.5,12393,11993,11648.5
"2016","수원시","남자",5698.5,6019.5,5944.5,6232.5,6367.5,6215,6009
"2016","수원시","여자",5441.5,5713,5629,5915,6025.5,5778,5639.5
"2016","장안구","계",2242.5,2443,2474.5,2633.5,2775.5,2800,2783
"2016","장안구","남자",1149,1280,1296,1337,1408,1473,1433
"2016","장안구","여자",1093.5,1163,1178.5,1296.5,1367.5,1327,1350
"2016","권선구","계",3569.5,3750,3706,3885,3916,3662.5,3414
"2016","권선구","남자",1828,1908,1865.5,1973.5,2035,1891,1743.5
"2016","권선구","여자",1741.5,1842,1840.5,1911.5,1881,1771.5,1670.5
"2016","팔달구","계",1472.5,1511.5,1501,1548,1561.5,1518,1443
"2016","팔달구","남자",760.5,775,787,814,808.5,795.5,763.5
"2016","팔달구","여자",712,736.5,714,734,753,722.5,679.5
"2016","영통구","계",3855.5,4028,3892,4081,4140,4012.5,4008.5
"2016","영통구","남자",1961,2056.5,1996,2108,2116,2055.5,2069
"2016","영통구","여자",1894.5,1971.5,1896,1973,2024,1957,1939.5
"2016","성남시","계",7957.5,8143.5,8025,8271.5,8439,8452.5,8280.5
"2016","성남시","남자",4058,4112.5,4055,4281,4417.5,4388,4223
"2016","성남시","여자",3899.5,4031,3970,3990.5,4021.5,4064.5,4057.5
"2016","수정구","계",1747.5,1735,1691.5,1646,1636.5,1648,1556
"2016","수정구","남자",877,858.5,858,861,847,858.5,789.5
"2016","수정구","여자",870.5,876.5,833.5,785,789.5,789.5,766.5
"2016","중원구","계",1864.5,1924.5,1834.5,1924.5,1973.5,1935.5,1823.5
"2016","중원구","남자",965,976.5,922,999.5,1041,1008.5,923
"2016","중원구","여자",899.5,948,912.5,925,932.5,927,900.5
"2016","분당구","계",4345.5,4484,4499,4701,4829,4869,4901
"2016","분당구","남자",2216,2277.5,2275,2420.5,2529.5,2521,2510.5
"2016","분당구","여자",2129.5,2206.5,2224,2280.5,2299.5,2348,2390.5
"2016","의정부시","계",3060.5,3406,3496.5,3786.5,3922.5,3896.5,3832.5
"2016","의정부시","남자",1573.5,1753.5,1803.5,1962,1999.5,1991.5,1944.5
"2016","의정부시","여자",1487,1652.5,1693,1824.5,1923,1905,1888
"2016","안양시","계",4759.5,5043,4828.5,4956,5227,5199.5,4980
"2016","안양시","남자",2383.5,2544.5,2470.5,2536,2690.5,2690,2579
"2016","안양시","여자",2376,2498.5,2358,2420,2536.5,2509.5,2401
"2016","만안구","계",1933.5,2024,1972,1985.5,2032.5,1950.5,1813
"2016","만안구","남자",953.5,1025.5,1007,1024.5,1046,1005.5,932
"2016","만안구","여자",980,998.5,965,961,986.5,945,881
"2016","동안구","계",2826,3019,2856.5,2970.5,3194.5,3249,3167
"2016","동안구","남자",1430,1519,1463.5,1511.5,1644.5,1684.5,1647
"2016","동안구","여자",1396,1500,1393,1459,1550,1564.5,1520
"2016","부천시","계",6459,6941.5,6900,7145.5,7423,7280,7027.5
"2016","부천시","남자",3304,3542.5,3539,3696.5,3816.5,3690,3601.5
"2016","부천시","여자",3155,3399,3361,3449,3606.5,3590,3426
"2016","광명시","계",2970.5,3149,3171.5,3374,3557,3470,3399.5
"2016","광명시","남자",1518,1606,1635,1732,1839,1794,1762.5
"2016","광명시","여자",1452.5,1543,1536.5,1642,1718,1676,1637
"2016","평택시","계",4275.5,4615,4596.5,4807.5,4995.5,4917,4845.5
"2016","평택시","남자",2204.5,2375,2308.5,2429,2579,2552,2499
"2016","평택시","여자",2071,2240,2288,2378.5,2416.5,2365,2346.5
"2016","동두천시","계",718,780.5,829.5,855,900.5,939,939
"2016","동두천시","남자",377,397,426.5,433.5,462,493,478
"2016","동두천시","여자",341,383.5,403,421.5,438.5,446,461
"2016","안산시","계",5249.5,5676.5,5622,5956.5,6223,6168,6010.5
"2016","안산시","남자",2675.5,2852.5,2846,3001.5,3113.5,3142,3094.5
"2016","안산시","여자",2574,2824,2776,2955,3109.5,3026,2916
"2016","상록구","계",2974.5,3212,3118.5,3255,3372.5,3318.5,3195.5
"2016","상록구","남자",1518.5,1635,1584.5,1636.5,1689,1672,1641
"2016","상록구","여자",1456,1577,1534,1618.5,1683.5,1646.5,1554.5
"2016","단원구","계",2275,2464.5,2503.5,2701.5,2850.5,2849.5,2815
"2016","단원구","남자",1157,1217.5,1261.5,1365,1424.5,1470,1453.5
"2016","단원구","여자",1118,1247,1242,1336.5,1426,1379.5,1361.5
"2016","고양시","계",7729,8593.5,8620,9267.5,9726,9613.5,9476
"2016","고양시","남자",3908,4380.5,4423,4773,4980,4925,4899.5
"2016","고양시","여자",3821,4213,4197,4494.5,4746,4688.5,4576.5
"2016","덕양구","계",3643,4039.5,3989,4264.5,4507,4347.5,4169
"2016","덕양구","남자",1823,2053,2055.5,2215.5,2315.5,2243,2159.5
"2016","덕양구","여자",1820,1986.5,1933.5,2049,2191.5,2104.5,2009.5
"2016","일산동구","계",1922.5,2160.5,2150.5,2287,2389,2460,2501
"2016","일산동구","남자",992,1117,1111.5,1170,1203,1240.5,1292.5
"2016","일산동구","여자",930.5,1043.5,1039,1117,1186,1219.5,1208.5
"2016","일산서구","계",2163.5,2393.5,2480.5,2716,2830,2806,2806
"2016","일산서구","남자",1093,1210.5,1256,1387.5,1461.5,1441.5,1447.5
"2016","일산서구","여자",1070.5,1183,1224.5,1328.5,1368.5,1364.5,1358.5
"2016","과천시","계",405.5,445.5,485,505,540,537,547
"2016","과천시","남자",202.5,217.5,243,259,274,271.5,286.5
"2016","과천시","여자",203,228,242,246,266,265.5,260.5
"2016","구리시","계",1421,1549,1590.5,1683.5,1730.5,1694,1697
"2016","구리시","남자",715.5,784.5,816,884,885,853.5,884
"2016","구리시","여자",705.5,764.5,774.5,799.5,845.5,840.5,813
"2016","남양주시","계",5438,6259.5,6553,7239.5,7719.5,7635.5,7548
"2016","남양주시","남자",2789.5,3205,3420,3711,3933,3936.5,3886.5
"2016","남양주시","여자",2648.5,3054.5,3133,3528.5,3786.5,3699,3661.5
"2016","오산시","계",2319.5,2592,2649.5,2844,3025,2957,2807
"2016","오산시","남자",1191,1325.5,1357,1459,1557,1501.5,1448
"2016","오산시","여자",1128.5,1266.5,1292.5,1385,1468,1455.5,1359
"2016","시흥시","계",3215.5,3518.5,3535,3907.5,4126,4114.5,4125.5
"2016","시흥시","남자",1650.5,1825.5,1821.5,2025,2138.5,2111.5,2115.5
"2016","시흥시","여자",1565,1693,1713.5,1882.5,1987.5,2003,2010
"2016","군포시","계",2777.5,2868.5,2841,2886.5,2953.5,2914,2770.5
"2016","군포시","남자",1412.5,1466,1450,1467,1515.5,1497,1427.5
"2016","군포시","여자",1365,1402.5,1391,1419.5,1438,1417,1343
"2016","의왕시","계",1240.5,1361.5,1454.5,1534,1581.5,1559.5,1462.5
"2016","의왕시","남자",646.5,707.5,721.5,778.5,831,814.5,756
"2016","의왕시","여자",594,654,733,755.5,750.5,745,706.5
"2016","하남시","계",1681.5,1963,1987.5,2145.5,2256.5,2181.5,2065.5
"2016","하남시","남자",853,998,1033,1122,1160.5,1112.5,1054
"2016","하남시","여자",828.5,965,954.5,1023.5,1096,1069,1011.5
"2016","용인시","계",8724.5,10048,10385,11299.5,11957.5,11943,11835.5
"2016","용인시","남자",4482.5,5150,5319.5,5799,6097.5,6105.5,6089
"2016","용인시","여자",4242,4898,5065.5,5500.5,5860,5837.5,5746.5
"2016","처인구","계",1762.5,1922,1935.5,2063.5,2211,2201,2154
"2016","처인구","남자",897,984,1000,1051.5,1114,1111.5,1092
"2016","처인구","여자",865.5,938,935.5,1012,1097,1089.5,1062
"2016","기흥구","계",4027.5,4649,4816,5319,5614.5,5581,5421
"2016","기흥구","남자",2063.5,2394,2457.5,2686.5,2856.5,2867.5,2804
"2016","기흥구","여자",1964,2255,2358.5,2632.5,2758,2713.5,2617
"2016","수지구","계",2934.5,3477,3633.5,3917,4132,4161,4260.5
"2016","수지구","남자",1522,1772,1862,2061,2127,2126.5,2193
"2016","수지구","여자",1412.5,1705,1771.5,1856,2005,2034.5,2067.5
"2016","파주시","계",3972,4500,4632,4891,5115.5,5102,4946
"2016","파주시","남자",2041,2287,2367,2478,2627,2587,2518.5
"2016","파주시","여자",1931,2213,2265,2413,2488.5,2515,2427.5
"2016","이천시","계",1929.5,2098,2095,2195.5,2309.5,2280.5,2170.5
"2016","이천시","남자",974,1090,1080.5,1100.5,1186.5,1199.5,1144
"2016","이천시","여자",955.5,1008,1014.5,1095,1123,1081,1026.5
"2016","안성시","계",1431.5,1582,1645,1781,1909.5,1893,1829
"2016","안성시","남자",732,807,852,909,969,972.5,942.5
"2016","안성시","여자",699.5,775,793,872,940.5,920.5,886.5
"2016","김포시","계",3578,4218,4292,4635.5,4893.5,4735.5,4502
"2016","김포시","남자",1835,2153.5,2203.5,2333.5,2456,2450,2370
"2016","김포시","여자",1743,2064.5,2088.5,2302,2437.5,2285.5,2132
"2016","화성시","계",7316,8143,8353,9091,9515,9387.5,9185
"2016","화성시","남자",3715,4126,4298,4705.5,4868,4814,4720
"2016","화성시","여자",3601,4017,4055,4385.5,4647,4573.5,4465
"2016","광주시","계",3234.5,3586.5,3481,3571,3668,3476.5,3168.5
"2016","광주시","남자",1677,1853,1773,1823.5,1895,1807.5,1635.5
"2016","광주시","여자",1557.5,1733.5,1708,1747.5,1773,1669,1533
"2016","양주시","계",1586,1805,1876.5,2074,2258,2201,2187.5
"2016","양주시","남자",821.5,937.5,963.5,1043.5,1133,1110,1102.5
"2016","양주시","여자",764.5,867.5,913,1030.5,1125,1091,1085
"2016","포천시","계",1015.5,1074.5,1063,1152.5,1222,1204.5,1215.5
"2016","포천시","남자",528,547.5,541,590.5,639,637.5,615
"2016","포천시","여자",487.5,527,522,562,583,567,600.5
"2016","여주시","계",771,831.5,865,899,961,980.5,941.5
"2016","여주시","남자",392,424.5,469.5,492.5,499,497,483
"2016","여주시","여자",379,407,395.5,406.5,462,483.5,458.5
"2016","연천군","계",382.5,387.5,379.5,384,360.5,349.5,310.5
"2016","연천군","남자",190.5,192.5,187,197.5,189.5,178.5,160.5
"2016","연천군","여자",192,195,192.5,186.5,171,171,150
"2016","가평군","계",356,362.5,357,418,456,460.5,430.5
"2016","가평군","남자",192,179.5,184,211.5,217.5,229,222.5
"2016","가평군","여자",164,183,173,206.5,238.5,231.5,208
"2016","양평군","계",609.5,703.5,753.5,794,863,863.5,861
"2016","양평군","남자",312,371,385.5,402,456,442.5,441
"2016","양평군","여자",297.5,332.5,368,392,407,421,420
